timestamp,action,target_decel,cost,predicted_risk,predicted_min_distance,predicted_min_ttc,ext_score,int_score,cross_score,fused_score,fused_level,lead_distance,lead_ttc,closing_speed,lead_warning_level,reasons
1782645322.491,BRAKE,3.50,0.9395,1.0000,2.600,99.000,1.0000,0.0000,0.0000,0.3500,1,2.600,99.000,0.000,0,distance 2.6m critical | pred risk 1.00
1782645323.685,BRAKE,3.50,0.9393,1.0000,2.630,99.000,1.0000,0.0000,0.0000,0.3500,1,2.630,99.000,0.000,0,distance 2.6m critical | pred risk 1.00
1782645324.221,KEEP,0.00,0.6675,0.7500,2.615,1.263,1.0000,0.0000,0.0000,0.3500,1,5.720,2.760,2.070,1,TTC 2.8s | distance 5.7m | closing 2.1m/s | pred risk 0.75
1782645324.774,KEEP,0.00,0.6675,0.7500,2.035,1.124,1.0000,0.0000,0.0000,0.3500,1,4.750,2.620,1.810,1,TTC 2.6s | distance 4.8m | closing 1.8m/s | pred risk 0.75
1782645325.324,KEEP,0.00,0.6675,0.7500,10.080,99.000,1.0000,0.0000,0.0000,0.3500,1,10.080,99.000,0.000,1,distance 10.1m | pred risk 0.75
1782645325.879,BRAKE,3.50,0.9386,1.0000,2.780,99.000,1.0000,0.0000,0.0000,0.3500,1,2.780,99.000,0.010,0,distance 2.8m critical | pred risk 1.00
1782645326.432,KEEP,0.00,0.6829,0.7606,9.465,32.638,1.0000,0.0000,0.0000,0.3500,1,9.900,99.000,0.290,1,distance 9.9m | pred risk 0.76
1782645326.982,BRAKE,3.50,0.9369,0.9980,2.840,99.000,1.0000,0.0000,0.0000,0.3500,1,2.840,99.000,0.000,0,distance 2.8m critical | pred risk 1.00
1782645327.553,BRAKE,3.50,0.9371,0.9982,2.840,99.000,1.0000,0.0000,0.0000,0.3500,1,2.840,99.000,0.010,0,distance 2.8m critical | pred risk 1.00
1782645328.105,BRAKE,3.50,0.8251,0.8433,7.094,3.660,1.0000,0.0000,0.0000,0.3500,1,8.020,3.660,2.190,1,TTC 3.7s | distance 8.0m | closing 2.2m/s | pred risk 0.84
1782645328.663,BRAKE,3.50,0.8079,0.8236,6.494,3.910,1.0000,0.0000,0.0000,0.3500,1,7.200,3.910,1.840,1,TTC 3.9s | distance 7.2m | closing 1.8m/s | pred risk 0.82
1782645329.202,KEEP,0.00,0.6341,0.7489,17.230,3.881,0.9985,0.0000,0.0000,0.3497,1,23.890,5.390,4.440,1,closing 4.4m/s | pred risk 0.75
1782645329.717,KEEP,0.00,0.6675,0.7500,14.670,4.419,1.0000,0.0000,0.0000,0.3499,1,19.650,5.920,3.320,1,closing 3.3m/s | pred risk 0.75
1782645330.263,BRAKE,3.50,0.7550,0.7500,8.794,3.270,1.0000,0.0000,0.0000,0.3500,1,10.840,3.270,3.310,1,TTC 3.3s | distance 10.8m | closing 3.3m/s | pred risk 0.75
1782645330.815,EMERGENCY_BRAKE,6.50,1.0579,0.8800,3.230,0.997,1.0000,0.0000,0.0000,0.3500,1,10.210,1.150,8.900,1,TTC 1.1s critical | distance 10.2m | closing 8.9m/s | pred risk 0.88
1782645331.328,KEEP,0.00,0.6666,0.7500,11.960,99.000,0.9500,0.0000,0.0000,0.3413,1,11.960,99.000,0.000,2,distance 12.0m | pred risk 0.75
1782645331.836,KEEP,0.00,0.7165,0.7900,2.395,2.632,0.6900,0.0000,0.0000,0.2600,1,3.760,99.000,0.910,1,distance 3.8m | closing 0.9m/s | pred risk 0.79
1782645332.397,KEEP,0.00,0.6610,0.7500,16.050,99.000,0.7676,0.0000,0.0000,0.2849,1,16.050,99.000,0.000,2,pred risk 0.75
1782645332.963,BRAKE,3.50,0.8581,0.9046,3.310,99.000,0.8600,0.0000,0.0000,0.2946,1,3.310,99.000,0.030,0,distance 3.3m | pred risk 0.90
1782645333.516,BRAKE,3.50,0.8677,0.9246,3.890,99.000,0.9090,0.0000,0.0000,0.2390,0,3.890,99.000,0.000,0,distance 3.9m | pred risk 0.92
1782645334.020,KEEP,0.00,0.2686,0.3218,8.280,99.000,0.0000,0.0000,0.0000,0.1119,0,8.280,99.000,0.000,0,distance 8.3m
1782645334.578,KEEP,0.00,0.2506,0.3003,9.730,99.000,0.0000,0.0000,0.0000,0.1038,0,9.730,99.000,0.000,0,distance 9.7m
1782645335.130,SLOW_DOWN,1.50,0.5984,0.6670,2.963,0.861,0.8893,0.0000,0.0000,0.2481,0,9.780,1.810,5.390,1,TTC 1.8s | distance 9.8m | closing 5.4m/s | pred risk 0.67
1782645335.685,KEEP,0.00,0.2973,0.3574,9.290,99.000,0.3000,0.0000,0.0000,0.1135,0,9.290,99.000,0.000,1,distance 9.3m
1782645336.249,KEEP,0.00,0.2703,0.3267,21.180,99.000,0.3267,0.0000,0.0000,0.0896,0,21.180,99.000,0.000,0,risk remains low
1782645336.797,KEEP,0.00,0.5338,0.6356,14.990,99.000,0.8474,0.0000,0.0000,0.2531,1,14.990,99.000,0.000,1,pred risk 0.64
1782645337.367,KEEP,0.00,0.5552,0.6561,7.905,1.517,0.8748,0.0000,0.0000,0.3036,1,15.720,3.020,5.210,1,TTC 3.0s | closing 5.2m/s | pred risk 0.66
1782645337.934,EMERGENCY_BRAKE,6.50,1.1546,1.0000,0.000,0.000,1.0000,0.0000,0.0000,0.3458,1,5.160,0.430,11.870,2,TTC 0.4s critical | distance 5.2m | closing 11.9m/s | pred risk 1.00
1782645338.479,BRAKE,3.50,0.9371,0.9869,3.354,2.230,0.9611,0.0000,0.0000,0.3400,1,4.050,2.230,1.820,2,TTC 2.2s | distance 4.0m | closing 1.8m/s | pred risk 0.99
1782645339.043,BRAKE,3.50,0.9141,0.9520,2.084,1.460,0.9200,0.0000,0.0000,0.3303,1,2.850,1.460,1.960,2,TTC 1.5s | distance 2.9m critical | closing 2.0m/s | pred risk 0.95
1782645339.596,KEEP,0.00,0.7604,0.8200,2.690,99.000,0.7000,0.0000,0.0000,0.2641,1,2.690,99.000,0.000,2,distance 2.7m critical | pred risk 0.82
1782645340.160,KEEP,0.00,0.4727,0.5581,12.810,99.000,0.7441,0.0000,0.0000,0.2619,1,12.810,99.000,0.000,1,pred risk 0.56
1782645340.718,BRAKE,3.50,0.7262,0.7317,10.244,4.160,0.6730,0.0000,0.0000,0.2363,0,11.830,4.160,2.850,1,TTC 4.2s | distance 11.8m | closing 2.9m/s | pred risk 0.73
1782645341.266,BRAKE,3.50,0.7512,0.7621,9.424,4.290,0.7170,0.0000,0.0000,0.2529,1,10.640,4.290,2.480,1,TTC 4.3s | distance 10.6m | closing 2.5m/s | pred risk 0.76
1782645341.840,SLOW_DOWN,1.50,0.7459,0.7830,8.860,7.010,0.7493,0.0000,0.0000,0.2605,1,9.770,7.010,1.390,1,distance 9.8m | closing 1.4m/s | pred risk 0.78
1782645342.400,KEEP,0.00,0.6877,0.7696,9.220,99.000,0.7696,0.0000,0.0000,0.2675,1,9.220,99.000,0.000,0,distance 9.2m | pred risk 0.77
1782645342.949,BRAKE,3.50,0.8216,0.8537,6.949,7.170,0.8430,0.0000,0.0000,0.2961,1,7.240,7.170,1.010,2,distance 7.2m | closing 1.0m/s | pred risk 0.85
1782645343.517,BRAKE,3.50,0.9056,0.9469,4.434,2.460,0.9133,0.0000,0.0000,0.3275,1,5.340,2.460,2.170,2,TTC 2.5s | distance 5.3m | closing 2.2m/s | pred risk 0.95
1782645344.084,BRAKE,3.50,0.9409,0.9900,3.269,1.960,0.9593,0.0000,0.0000,0.3386,1,4.100,1.960,2.090,1,TTC 2.0s | distance 4.1m | closing 2.1m/s | pred risk 0.99
1782645344.640,BRAKE,3.50,0.8823,0.9226,5.089,4.020,0.9048,0.0000,0.0000,0.3305,1,5.570,4.020,1.390,1,TTC 4.0s | distance 5.6m | closing 1.4m/s | pred risk 0.92
1782645345.147,EMERGENCY_BRAKE,6.50,1.1547,1.0000,0.000,0.000,1.0000,0.0000,0.0000,0.3467,1,4.190,0.430,9.700,2,TTC 0.4s critical | distance 4.2m | closing 9.7m/s | pred risk 1.00
1782645345.697,EMERGENCY_BRAKE,6.50,1.1069,0.9460,1.385,0.730,0.9100,0.0000,0.0000,0.3275,1,2.730,0.730,3.730,2,TTC 0.7s critical | distance 2.7m critical | closing 3.7m/s | pred risk 0.95
1782645346.266,BRAKE,3.50,0.9541,1.0000,2.144,0.983,1.0000,0.0000,0.0000,0.3405,1,8.720,1.340,6.510,1,TTC 1.3s | distance 8.7m | closing 6.5m/s | pred risk 1.00
1782645346.769,EMERGENCY_BRAKE,6.50,1.0857,0.9160,0.000,0.000,0.9044,0.0000,0.0000,0.3288,1,3.390,0.480,7.080,1,TTC 0.5s critical | distance 3.4m | closing 7.1m/s | pred risk 0.92
1782645347.331,BRAKE,3.50,0.9541,1.0000,4.019,1.163,0.9956,0.0000,0.0000,0.3411,1,13.100,1.600,8.180,1,TTC 1.6s | closing 8.2m/s | pred risk 1.00
1782645347.886,EMERGENCY_BRAKE,6.50,1.1409,1.0000,2.350,1.190,1.0000,0.0000,0.0000,0.3499,1,3.160,1.190,2.660,1,TTC 1.2s critical | distance 3.2m | closing 2.7m/s | pred risk 1.00
1782645348.448,SLOW_DOWN,1.50,0.6570,0.7370,10.100,8.180,0.7400,0.0000,0.0000,0.2801,1,10.960,8.180,1.340,1,distance 11.0m | closing 1.3m/s | pred risk 0.74
1782645349.008,EMERGENCY_BRAKE,6.50,1.1495,1.0000,0.000,0.000,1.0000,0.0000,0.0000,0.2952,1,7.230,0.440,16.250,1,TTC 0.4s critical | distance 7.2m | closing 16.2m/s | pred risk 1.00
1782645349.562,KEEP,0.00,0.5222,0.6164,10.730,99.000,0.8219,0.0000,0.0000,0.2908,1,10.730,99.000,0.000,1,distance 10.7m | pred risk 0.62
1782645350.121,BRAKE,3.50,0.9215,0.9661,3.914,2.040,0.9181,0.0000,0.0000,0.3216,1,5.210,2.040,2.560,1,TTC 2.0s | distance 5.2m | closing 2.6m/s | pred risk 0.97
1782645350.670,EMERGENCY_BRAKE,6.50,1.1548,1.0000,0.090,0.064,1.0000,0.0000,0.0000,0.3481,1,9.470,0.900,10.500,2,TTC 0.9s critical | distance 9.5m | closing 10.5m/s | pred risk 1.00
1782645351.230,BRAKE,3.50,0.9540,1.0000,2.229,1.134,1.0000,0.0000,0.0000,0.3400,1,6.240,1.300,4.800,2,TTC 1.3s | distance 6.2m | closing 4.8m/s | pred risk 1.00
1782645351.792,BRAKE,3.50,0.8740,0.9040,2.204,1.350,0.8400,0.0000,0.0000,0.3078,1,3.600,1.350,2.660,2,TTC 1.4s | distance 3.6m | closing 2.7m/s | pred risk 0.90
1782645352.351,KEEP,0.00,0.6601,0.7500,3.380,99.000,0.7915,0.0000,0.0000,0.2755,1,3.380,99.000,0.000,2,distance 3.4m | pred risk 0.75
1782645352.894,KEEP,0.00,0.7905,0.8419,7.270,99.000,0.8419,0.0000,0.0000,0.2470,0,7.270,99.000,0.000,0,distance 7.3m | pred risk 0.84
1782645353.452,BRAKE,3.50,0.9088,0.9513,4.314,2.210,0.9048,0.0000,0.0000,0.3149,1,5.570,2.210,2.520,1,TTC 2.2s | distance 5.6m | closing 2.5m/s | pred risk 0.95
1782645354.005,EMERGENCY_BRAKE,6.50,1.1549,1.0000,0.000,0.000,1.0000,0.0000,0.0000,0.3488,1,3.290,0.550,5.970,1,TTC 0.6s critical | distance 3.3m | closing 6.0m/s | pred risk 1.00
1782645354.552,BRAKE,3.50,0.8537,0.8836,5.854,3.190,0.8461,0.0000,0.0000,0.3164,1,6.690,3.190,2.100,1,TTC 3.2s | distance 6.7m | closing 2.1m/s | pred risk 0.88
1782645355.106,BRAKE,3.50,0.9548,1.0000,2.244,1.020,1.0000,0.0000,0.0000,0.3484,1,8.730,1.350,6.450,2,TTC 1.4s | distance 8.7m | closing 6.5m/s | pred risk 1.00
1782645355.673,EMERGENCY_BRAKE,6.50,1.1281,0.9760,2.763,1.030,0.9600,0.0000,0.0000,0.3427,1,4.550,1.030,4.420,2,TTC 1.0s critical | distance 4.5m | closing 4.4m/s | pred risk 0.98
1782645356.215,BRAKE,3.50,0.8601,0.8909,5.944,3.100,0.8556,0.0000,0.0000,0.3187,1,6.900,3.100,2.220,1,TTC 3.1s | distance 6.9m | closing 2.2m/s | pred risk 0.89
1782645356.745,BRAKE,3.50,0.9546,1.0000,2.324,1.120,1.0000,0.0000,0.0000,0.3457,1,8.150,1.360,6.010,2,TTC 1.4s | distance 8.2m | closing 6.0m/s | pred risk 1.00
1782645357.301,KEEP,0.00,0.7727,0.8226,7.790,99.000,1.0000,0.0000,0.0000,0.3494,1,7.790,99.000,0.000,2,distance 7.8m | pred risk 0.82
1782645357.848,EMERGENCY_BRAKE,6.50,1.1550,1.0000,1.723,0.703,1.0000,0.0000,0.0000,0.3500,1,6.180,0.870,7.090,2,TTC 0.9s critical | distance 6.2m | closing 7.1m/s | pred risk 1.00
1782645358.382,EMERGENCY_BRAKE,6.50,1.1549,1.0000,0.000,0.000,1.0000,0.0000,0.0000,0.3492,1,8.300,0.140,57.370,0,TTC 0.1s critical | distance 8.3m | closing 57.4m/s | pred risk 1.00
1782645358.920,EMERGENCY_BRAKE,6.50,1.1544,1.0000,0.000,0.000,1.0000,0.0000,0.0000,0.3437,1,6.550,0.470,13.940,1,TTC 0.5s critical | distance 6.5m | closing 13.9m/s | pred risk 1.00
1782645359.462,BRAKE,3.50,0.8712,0.9008,5.679,2.060,0.8756,0.0000,0.0000,0.3052,1,9.120,2.060,4.420,1,TTC 2.1s | distance 9.1m | closing 4.4m/s | pred risk 0.90
1782645360.023,EMERGENCY_BRAKE,6.50,1.1541,1.0000,2.163,0.846,1.0000,0.0000,0.0000,0.3413,1,6.030,0.930,6.500,2,TTC 0.9s critical | distance 6.0m | closing 6.5m/s | pred risk 1.00
1782645360.556,BRAKE,3.50,0.9550,1.0000,2.334,1.350,1.0000,0.0000,0.0000,0.3499,1,4.160,1.350,3.090,2,TTC 1.4s | distance 4.2m | closing 3.1m/s | pred risk 1.00
1782645361.109,EMERGENCY_BRAKE,6.50,1.0672,0.9160,2.280,1.490,0.8600,0.0000,0.0000,0.3146,1,2.650,1.490,1.780,2,TTC 1.5s | distance 2.6m critical | closing 1.8m/s | pred risk 0.92
1782645361.646,EMERGENCY_BRAKE,6.50,1.1512,1.0000,0.000,0.000,1.0000,0.0000,0.0000,0.3121,1,7.770,0.610,12.790,1,TTC 0.6s critical | distance 7.8m | closing 12.8m/s | pred risk 1.00
1782645362.201,BRAKE,3.50,0.8478,0.8784,6.284,3.070,0.8352,0.0000,0.0000,0.2904,1,7.450,3.070,2.430,1,TTC 3.1s | distance 7.5m | closing 2.4m/s | pred risk 0.88
1782645362.746,BRAKE,3.50,0.8933,0.9354,4.744,3.140,0.9115,0.0000,0.0000,0.3195,1,5.390,3.140,1.720,2,TTC 3.1s | distance 5.4m | closing 1.7m/s | pred risk 0.94
1782645363.283,BRAKE,3.50,0.8228,0.8439,7.214,3.910,0.8935,0.0000,0.0000,0.3280,1,8.030,3.910,2.060,2,TTC 3.9s | distance 8.0m | closing 2.1m/s | pred risk 0.84
1782645363.851,KEEP,0.00,0.6979,0.7720,2.585,99.000,1.0000,0.0000,0.0000,0.3351,1,2.690,99.000,0.070,2,distance 2.7m critical | pred risk 0.77
1782645364.391,EMERGENCY_BRAKE,6.50,1.1548,1.0000,0.493,0.387,1.0000,0.0000,0.0000,0.3483,1,3.280,0.600,5.420,1,TTC 0.6s critical | distance 3.3m | closing 5.4m/s | pred risk 1.00
1782645364.925,BRAKE,3.50,0.8735,0.9100,2.254,2.300,0.8500,0.0000,0.0000,0.3098,1,2.610,2.300,1.140,1,TTC 2.3s | distance 2.6m critical | closing 1.1m/s | pred risk 0.91
1782645365.456,EMERGENCY_BRAKE,6.50,1.1549,1.0000,0.000,0.000,1.0000,0.0000,0.0000,0.3487,1,10.120,0.820,12.330,2,TTC 0.8s critical | distance 10.1m | closing 12.3m/s | pred risk 1.00
1782645365.995,BRAKE,3.50,0.7969,0.8195,7.874,5.230,0.7974,0.0000,0.0000,0.2878,1,8.470,5.230,1.620,1,distance 8.5m | closing 1.6m/s | pred risk 0.82
1782645366.551,BRAKE,3.50,0.8219,0.8509,7.024,4.750,0.8293,0.0000,0.0000,0.2883,1,7.610,4.750,1.600,1,TTC 4.8s | distance 7.6m | closing 1.6m/s | pred risk 0.85
1782645367.089,BRAKE,3.50,0.8736,0.9238,3.420,99.000,0.8958,0.0000,0.0000,0.3019,1,3.420,99.000,0.000,0,distance 3.4m | pred risk 0.92
1782645367.631,EMERGENCY_BRAKE,6.50,1.0419,0.8669,5.075,1.307,1.0000,0.0000,0.0000,0.3488,1,11.530,1.350,8.550,1,TTC 1.4s | distance 11.5m | closing 8.6m/s | pred risk 0.87
1782645368.184,BRAKE,3.50,0.7845,0.7869,5.179,1.970,1.0000,0.0000,0.0000,0.3500,1,8.380,1.970,4.260,1,TTC 2.0s | distance 8.4m | closing 4.3m/s | pred risk 0.79
1782645368.732,KEEP,0.00,0.6670,0.7500,6.640,8.098,1.0000,0.0000,0.0000,0.3448,1,7.870,99.000,0.820,1,distance 7.9m | closing 0.8m/s | pred risk 0.75
1782645369.280,BRAKE,3.50,0.9396,1.0000,2.580,99.000,1.0000,0.0000,0.0000,0.3499,1,2.580,99.000,0.000,0,distance 2.6m critical | pred risk 1.00
1782645369.837,EMERGENCY_BRAKE,6.50,1.1543,1.0000,0.000,0.000,1.0000,0.0000,0.0000,0.3432,1,3.030,0.460,6.640,0,TTC 0.5s critical | distance 3.0m | closing 6.6m/s | pred risk 1.00
1782889693.179,BRAKE,3.50,0.9395,1.0000,2.600,99.000,1.0000,0.0000,0.0000,0.3500,1,2.600,99.000,0.000,0,distance 2.6m critical | pred risk 1.00
1782889694.093,BRAKE,3.50,0.9393,1.0000,2.630,99.000,1.0000,0.0000,0.0000,0.3500,1,2.630,99.000,0.000,0,distance 2.6m critical | pred risk 1.00
1782889694.604,KEEP,0.00,0.6675,0.7500,3.130,1.886,1.0000,0.0000,0.0000,0.3500,1,5.620,3.380,1.660,1,TTC 3.4s | distance 5.6m | closing 1.7m/s | pred risk 0.75
1782889695.141,BRAKE,3.50,0.7550,0.7500,2.874,1.630,1.0000,0.0000,0.0000,0.3500,1,4.170,1.630,2.560,1,TTC 1.6s | distance 4.2m | closing 2.6m/s | pred risk 0.75
1782889695.663,BRAKE,3.50,0.9388,1.0000,2.780,99.000,1.0000,0.0000,0.0000,0.3500,1,2.780,99.000,0.030,0,distance 2.8m critical | pred risk 1.00
1782889696.188,KEEP,0.00,0.6868,0.7633,9.390,27.618,1.0000,0.0000,0.0000,0.3500,1,9.900,99.000,0.340,1,distance 9.9m | pred risk 0.76
1782889696.705,KEEP,0.00,0.6675,0.7500,8.945,13.351,1.0000,0.0000,0.0000,0.3500,1,9.950,99.000,0.670,1,distance 9.9m | closing 0.7m/s | pred risk 0.75
1782889697.225,BRAKE,3.50,0.8140,0.8289,7.484,3.640,1.0000,0.0000,0.0000,0.3500,1,8.580,3.640,2.360,1,TTC 3.6s | distance 8.6m | closing 2.4m/s | pred risk 0.83
1782889697.731,EMERGENCY_BRAKE,6.50,1.1550,1.0000,0.000,0.000,1.0000,0.0000,0.0000,0.3500,1,16.800,0.440,38.520,0,TTC 0.4s critical | closing 38.5m/s | pred risk 1.00
1782889698.253,KEEP,0.00,0.6341,0.7489,15.010,2.535,0.9985,0.0000,0.0000,0.3497,1,23.890,4.040,5.920,1,TTC 4.0s | closing 5.9m/s | pred risk 0.75
1782889698.774,BRAKE,3.50,0.7881,0.7914,8.239,2.600,1.0000,0.0000,0.0000,0.3500,1,11.950,2.600,4.600,1,TTC 2.6s | distance 11.9m | closing 4.6m/s | pred risk 0.79
1782889699.292,EMERGENCY_BRAKE,6.50,1.1550,1.0000,0.000,0.000,1.0000,0.0000,0.0000,0.3500,1,14.100,0.290,49.370,0,TTC 0.3s critical | closing 49.4m/s | pred risk 1.00
1782889699.814,KEEP,0.00,0.6666,0.7500,11.960,99.000,0.9500,0.0000,0.0000,0.3413,1,11.960,99.000,0.000,2,distance 12.0m | pred risk 0.75
1782889700.351,EMERGENCY_BRAKE,6.50,1.1439,1.0000,4.525,1.056,1.0000,0.0000,0.0000,0.2864,1,16.950,1.350,12.530,0,TTC 1.4s | closing 12.5m/s | pred risk 1.00
1782889700.886,BRAKE,3.50,0.8450,0.8869,3.320,99.000,0.8202,0.0000,0.0000,0.2838,1,3.320,99.000,0.400,0,distance 3.3m | pred risk 0.89
1782889701.415,KEEP,0.00,0.3115,0.3661,5.290,1.729,0.0000,0.0000,0.0000,0.1863,0,9.880,3.230,3.060,0,TTC 3.2s | distance 9.9m | closing 3.1m/s
1782889701.951,KEEP,0.00,0.2098,0.2572,12.640,99.000,0.0000,0.0000,0.0000,0.0403,0,12.640,99.000,0.000,0,risk remains low
1782889702.473,KEEP,0.00,0.2589,0.3212,8.320,99.000,0.0276,0.0000,0.0000,0.0193,0,8.320,99.000,0.000,0,distance 8.3m
1782889703.005,EMERGENCY_BRAKE,6.50,0.7345,0.5020,0.000,0.000,0.3000,0.0000,0.0000,0.1287,0,5.920,0.490,12.030,1,TTC 0.5s critical | distance 5.9m | closing 12.0m/s
1782889703.537,KEEP,0.00,0.2703,0.3267,21.180,99.000,0.3267,0.0000,0.0000,0.0896,0,21.180,99.000,0.000,0,risk remains low
1782889704.061,BRAKE,3.50,0.8538,0.8882,6.019,3.310,0.8578,0.0000,0.0000,0.2824,1,6.840,3.310,2.070,0,TTC 3.3s | distance 6.8m | closing 2.1m/s | pred risk 0.89
1782889704.600,EMERGENCY_BRAKE,6.50,1.1518,1.0000,0.000,0.000,1.0000,0.0000,0.0000,0.3176,1,5.980,0.070,87.420,0,TTC 0.1s critical | distance 6.0m | closing 87.4m/s | pred risk 1.00
1782889705.124,EMERGENCY_BRAKE,6.50,1.1550,1.0000,0.953,0.544,1.0000,0.0000,0.0000,0.3498,1,4.080,0.710,5.760,1,TTC 0.7s critical | distance 4.1m | closing 5.8m/s | pred risk 1.00
1782889705.645,EMERGENCY_BRAKE,6.50,1.1027,0.9520,2.065,1.090,0.9200,0.0000,0.0000,0.3327,1,2.850,1.090,2.610,1,TTC 1.1s critical | distance 2.9m critical | closing 2.6m/s | pred risk 0.95
1782889706.173,EMERGENCY_BRAKE,6.50,1.1519,1.0000,0.000,0.000,1.0000,0.0000,0.0000,0.3191,1,10.620,0.720,14.730,2,TTC 0.7s critical | distance 10.6m | closing 14.7m/s | pred risk 1.00
1782889706.691,SLOW_DOWN,1.50,0.6436,0.7223,10.498,5.410,0.7326,0.0000,0.0000,0.2574,1,12.770,5.410,2.360,1,closing 2.4m/s | pred risk 0.72
1782889707.205,BRAKE,3.50,0.7564,0.7669,9.294,3.720,0.7267,0.0000,0.0000,0.2540,1,10.980,3.720,2.950,1,TTC 3.7s | distance 11.0m | closing 3.0m/s | pred risk 0.77
1782889707.727,BRAKE,3.50,0.7611,0.7763,9.039,5.180,0.7493,0.0000,0.0000,0.2605,1,9.770,5.180,1.890,1,distance 9.8m | closing 1.9m/s | pred risk 0.78
1782889708.239,EMERGENCY_BRAKE,6.50,1.1502,1.0000,0.000,0.000,1.0000,0.0000,0.0000,0.3016,1,6.450,0.310,20.500,0,TTC 0.3s critical | distance 6.5m | closing 20.5m/s | pred risk 1.00
1782889708.764,BRAKE,3.50,0.8854,0.9228,5.084,2.350,0.8648,0.0000,0.0000,0.3001,1,6.650,2.350,2.830,1,TTC 2.4s | distance 6.7m | closing 2.8m/s | pred risk 0.92
1782889709.291,EMERGENCY_BRAKE,6.50,1.1534,1.0000,0.000,0.000,1.0000,0.0000,0.0000,0.3341,1,4.030,0.510,7.960,2,TTC 0.5s critical | distance 4.0m | closing 8.0m/s | pred risk 1.00
1782889709.810,BRAKE,3.50,0.8857,0.9254,5.014,3.610,0.9048,0.0000,0.0000,0.3337,1,5.570,3.610,1.540,2,TTC 3.6s | distance 5.6m | closing 1.5m/s | pred risk 0.93
1782889710.343,SLOW_DOWN,1.50,0.7074,0.7500,6.947,1.777,1.0000,0.0000,0.0000,0.3493,1,14.470,2.470,5.860,2,TTC 2.5s | closing 5.9m/s | pred risk 0.75
1782889710.867,EMERGENCY_BRAKE,6.50,1.1506,1.0000,0.000,0.000,1.0000,0.0000,0.0000,0.3061,1,6.410,0.170,37.260,0,TTC 0.2s critical | distance 6.4m | closing 37.3m/s | pred risk 1.00
1782889711.384,BRAKE,3.50,0.9550,1.0000,2.704,1.271,1.0000,0.0000,0.0000,0.3497,1,6.640,1.400,4.750,2,TTC 1.4s | distance 6.6m | closing 4.8m/s | pred risk 1.00
1782889711.919,EMERGENCY_BRAKE,6.50,1.1549,1.0000,0.312,0.351,1.0000,0.0000,0.0000,0.3489,1,4.420,0.660,6.740,2,TTC 0.7s critical | distance 4.4m | closing 6.7m/s | pred risk 1.00
1782889712.436,EMERGENCY_BRAKE,6.50,1.0980,0.9400,1.475,0.810,0.9000,0.0000,0.0000,0.3267,1,2.480,0.810,3.050,1,TTC 0.8s critical | distance 2.5m critical | closing 3.0m/s | pred risk 0.94
1782889712.960,BRAKE,3.50,0.7818,0.7984,8.444,3.470,0.7378,0.0000,0.0000,0.2569,1,10.080,3.470,2.900,1,TTC 3.5s | distance 10.1m | closing 2.9m/s | pred risk 0.80
1782889713.494,KEEP,0.00,0.5223,0.6164,10.730,99.000,0.8219,0.0000,0.0000,0.2916,1,10.730,99.000,0.000,1,distance 10.7m | pred risk 0.62
1782889714.023,EMERGENCY_BRAKE,6.50,1.1299,0.9700,0.000,0.000,0.9500,0.0000,0.0000,0.3388,1,4.330,0.580,7.440,1,TTC 0.6s critical | distance 4.3m | closing 7.4m/s | pred risk 0.97
1782889714.564,BRAKE,3.50,0.8311,0.8476,7.114,2.480,0.8600,0.0000,0.0000,0.3302,1,9.910,2.480,3.990,2,TTC 2.5s | distance 9.9m | closing 4.0m/s | pred risk 0.85
1782889715.091,EMERGENCY_BRAKE,6.50,1.1286,0.9700,2.112,0.900,0.9500,0.0000,0.0000,0.3401,1,4.670,0.900,5.190,2,TTC 0.9s critical | distance 4.7m | closing 5.2m/s | pred risk 0.97
1782889715.632,BRAKE,3.50,0.8450,0.8732,6.424,2.470,0.7896,0.0000,0.0000,0.2735,1,8.680,2.470,3.520,1,TTC 2.5s | distance 8.7m | closing 3.5m/s | pred risk 0.87
1782889716.158,EMERGENCY_BRAKE,6.50,0.8494,0.6314,2.803,1.030,0.8419,0.0000,0.0000,0.2425,0,5.550,1.030,5.380,1,TTC 1.0s critical | distance 5.5m | closing 5.4m/s | pred risk 0.63
1782889716.704,BRAKE,3.50,0.9542,1.0000,2.644,1.367,1.0000,0.0000,0.0000,0.3424,1,5.150,1.370,3.770,1,TTC 1.4s | distance 5.2m | closing 3.8m/s | pred risk 1.00
